iter	Logloss
0	0.3008125855
1	0.230592882922	0.197191080533	0.190613839544	0.182835612855	0.181400726266	0.1806007697	7	0.1802004038	8	0.1797019749	9	0.1795371221010	0.1780783121111	0.1771213801212	0.1766896941313	0.1754734001414	0.1753097931515	0.1732826041116	0.173260937117	0.1732054336118	0.1731836321119	0.1731601159220	0.1723837216221	0.1719910637222	0.1719039888223	0.1718843332424	0.1714276132525	0.1713310672626	0.1709831652727	0.1706689722828	0.1705541972929	0.1705406053030	0.1704579843331	0.1698058773332	0.1696863663333	0.1690919413334	0.1684451135	35	0.1684121336	36	0.1683413637	37	0.1682398338	38	0.168189239	039	0.16790940	0.40	0.16782541	0.41	0.1674142	0.142	0.167443	0.1443	0.167244	0.144	0.1671045	0.145	0.1668446	0.146	0.1661447	0.147	0.1657348	0.148	0.1653349	0.149	0.1645350	0.150	0.1642451	0.151	0.1639252	0.152	0.1637853	0.153	0.1636954	0.154	0.1636655	0.155	0.1634856	0.156	0.1657	0.165357	0.1658	0.164558	0.1659	0.164559	0.1660	0.16460	0.16261	0.1661	0.162662	0.1662	0.16263	0.16363	0.16264	0.16364	0.16265	0.16365	0.16266	0.1666	0.162267	0.1667	0.162068	0.1668	0.161969	0.1669	0.161770	0.1670	0.161771	0.1671	0.161672	0.1672	0.16173	0.1673	0.161674	0.1774	0.161675	0.1775	0.161676	0.1776	0.161477	0.1777	0.161378	0.1778	0.16179	0.16779	0.1612022816
