iter	Logloss
0	0.302378226911	0.234644319722	0.198623914233	0.1882257812
