iter	Logloss	Logloss	Logloss	Logloss	Logloss	AUC	AUC	AUC	AUC	AUC
0	0.3021724398	0.3074654821	0.2989242958	0.2975855241	0.2996326555	0.5407013715	0.5	0.54762024	0.5	0.5477151625
1	0.2372345864	0.2382484641	0.2302460882	0.2196222315	0.2286708992	0.5832937699	0.6505311567	0.5766312255	0.6418496151	0.600845376
2	0.2014048923	0.2068649298	0.1901651649	0.1867549451	0.1892653722	0.7488335481	0.7569030958	0.77999783	0.7605434463	0.7838624435
3	0.187126623	0.1899487803	0.1794310744	0.1709685496	0.1804487824	0.7877226083	0.8012379727	0.8041352142	0.8061047568	0.8118201286
