iter	Logloss
0	0.302378226911	0.234644319722	0.198623914233	0.188225781244	0.184509288955	0.1802425596	6	0.1777723227	7	0.1769938278	8	0.17478593899	0.1743589342110	0.173883597
11	0.1734382064
12	0.1732671223113	0.1731169541114	0.1725940152115	0.1725071586116	0.172410727
17	0.1724055968
18	0.1723926196119	0.1719239526220	0.1716133149221	0.1716073369222	0.1714124347223	0.1714088674224	0.1711454912225	0.171044761226	0.1704611561227	0.1701580701228	0.1700641908229	0.1697874214330	0.1697491418331	0.169615928332	0.1695499426333	0.1694860999334	0.1694146783535	0.1693374636	36	0.1685956237	37	0.1685633238	38	0.1684016439	39	0.1681798440	40	0.1680997941	41	0.1680857542	42	0.1678743143	43	0.1678281244	44	0.1677872445	45	0.1677302246	46	0.1676877147	47	0.1676310048	48	0.1676278749	49	0.1674556850	50	0.1670441351	51	0.1669919552	52	0.16644042553	0.1664362345554	0.1664335355555	0.1664113356	56	0.1664098057	57	0.1664023558	58	0.1662456359	59	0.1661465360	60	0.1660478861	61	0.1657211562	62	0.165254363	063	0.165039764	064	0.165003665	65	0.1648301166	66	0.1647918667	67	0.164505036868	0.1644455486969	0.1644186547070	0.1643739787171	0.1643674907272	0.1643416657373	0.1643405617474	0.1642564707575	0.164153684776	0.1641007447777	0.1640598007778	0.1640529717779	0.1637252555
7755
