iter	Logloss	Accuracy
0	0.6385288366	0.9027777778
1	0.5919215876	0.9027777778
2	0.55107908	0.9027777778
