iter	CrossEntropy
0	0.6661223314
1	0.6378245994
2	0.6168734657
3	0.5970187909
4	0.5791660859
